{
  "config": {
    "seeds": 20,
    "alpha": 2.0,
    "rounds": 15,
    "scale": 10.0,
    "trim": 1,
    "attack": "sign_flip",
    "start_seed": 0
  },
  "seeds": [
    0,
    1,
    2,
    3,
    4,
    5,
    6,
    7,
    8,
    9,
    10,
    11,
    12,
    13,
    14,
    15,
    16,
    17,
    18,
    19
  ],
  "steady_state_per_seed": {
    "none": [
      28.23999999999999,
      71.94000000000001,
      20.6,
      26.28,
      21.139999999999997,
      31.240000000000002,
      19.2,
      21.84,
      23.14,
      5.5,
      34.92,
      27.560000000000002,
      12.88,
      57.980000000000004,
      70.30000000000001,
      10.139999999999999,
      8.08,
      9.120000000000001,
      63.7,
      12.959999999999999
    ],
    "trimmed_mean": [
      94.17999999999999,
      94.56000000000002,
      57.04,
      54.760000000000005,
      90.52,
      93.67999999999999,
      77.02,
      76.12,
      88.02,
      79.43999999999998,
      91.3,
      91.47999999999999,
      91.16,
      92.84,
      91.28,
      93.34,
      73.76,
      91.34,
      94.16,
      93.32
    ]
  },
  "per_round_mean": {
    "none": [
      18.740000000000002,
      23.089999999999996,
      20.639999999999997,
      28.579999999999995,
      20.31,
      25.82,
      25.380000000000003,
      24.4,
      26.97,
      27.910000000000004,
      29.889999999999997,
      32.169999999999995,
      32.58,
      27.869999999999997,
      35.39
    ],
    "trimmed_mean": [
      81.44,
      86.92999999999999,
      86.89,
      85.27000000000001,
      81.22,
      88.7,
      81.06999999999998,
      86.24,
      81.64000000000001,
      86.30999999999999,
      83.32,
      87.04999999999998,
      88.91999999999999,
      84.53999999999999,
      86.86999999999999
    ]
  },
  "per_round_std": {
    "none": [
      18.882595160623445,
      24.371005313691924,
      19.961522987988666,
      24.616977881129113,
      21.955270437869807,
      24.380065627475243,
      26.671775343984883,
      22.410711724530305,
      25.04110820231405,
      23.287290525091148,
      27.864204636055916,
      22.972268063906967,
      26.03873268805531,
      21.622791216676905,
      28.93409580408553
    ],
    "trimmed_mean": [
      17.736245374937727,
      15.644970437811633,
      12.528922539468429,
      15.407176899094784,
      19.160052191995725,
      11.83714492603685,
      17.200148255175012,
      13.47376710500816,
      19.117907835325493,
      13.592567822159284,
      18.950187334166383,
      12.305750688194523,
      9.859087178841659,
      16.585668512303023,
      14.10634963411867
    ]
  },
  "aggregate": {
    "k": 10,
    "n_seeds": 20,
    "none_mean": 28.838000000000005,
    "none_std": 20.266948364270338,
    "tm_mean": 85.466,
    "tm_std": 11.75940151538334
  },
  "recovery_pp": 56.627999999999986
}