{
  "config": {
    "seeds": 20,
    "alpha": 2.0,
    "rounds": 15,
    "scale": 10.0,
    "trim": 1,
    "attack": "label_flip",
    "start_seed": 0,
    "mag_bound": 25.0,
    "local_epochs": 5,
    "no_attack": false
  },
  "seeds": [
    0,
    1,
    2,
    3,
    4,
    5,
    6,
    7,
    8,
    9,
    10,
    11,
    12,
    13,
    14,
    15,
    16,
    17,
    18,
    19
  ],
  "steady_state_per_seed": {
    "none": [
      97.38,
      59.45000000000001,
      98.25,
      60.4,
      84.845,
      60.75,
      86.50500000000001,
      85.87,
      64.28999999999999,
      71.49,
      61.95000000000001,
      65.375,
      93.83500000000001,
      63.98,
      98.04999999999998,
      79.265,
      59.79999999999999,
      98.79999999999998,
      97.79999999999998,
      96.76500000000001
    ],
    "trimmed_mean": [
      95.09499999999998,
      98.13,
      94.32000000000001,
      93.97,
      94.55,
      60.75,
      98.0,
      97.95000000000002,
      97.85,
      98.20000000000002,
      98.35,
      57.55500000000001,
      97.75,
      97.95000000000002,
      66.085,
      98.20000000000002,
      97.75,
      98.79999999999998,
      79.0,
      98.20000000000002
    ],
    "trust_anchored": [
      98.25999999999999,
      98.15,
      94.32000000000001,
      97.68500000000002,
      98.4,
      97.75,
      67.35499999999999,
      97.95000000000002,
      94.00999999999999,
      91.93500000000002,
      61.460000000000015,
      86.55,
      92.10499999999999,
      65.91499999999999,
      98.04999999999998,
      97.56000000000002,
      97.75,
      90.98999999999998,
      97.79999999999998,
      94.39500000000001
    ],
    "fltrust": [
      53.839999999999996,
      86.42,
      98.25,
      58.31999999999999,
      50.0,
      58.6,
      57.83999999999999,
      59.65,
      52.129999999999995,
      58.04,
      50.0,
      51.92,
      56.96,
      50.0,
      75.36999999999998,
      98.20000000000002,
      50.0,
      94.92999999999998,
      54.080000000000005,
      60.15
    ]
  },
  "per_round_mean": {
    "none": [
      60.095000000000006,
      61.9825,
      67.58500000000001,
      65.81250000000001,
      68.6325,
      73.52499999999999,
      73.955,
      78.22249999999998,
      77.44999999999999,
      78.91749999999999,
      80.905,
      80.475,
      82.9975,
      83.0525,
      82.92499999999998
    ],
    "trimmed_mean": [
      59.105000000000004,
      59.105000000000004,
      63.82500000000001,
      61.754999999999995,
      70.0775,
      82.11000000000001,
      90.5575,
      90.5575,
      89.59750000000001,
      90.5575,
      93.33500000000001,
      93.3375,
      92.4375,
      92.4375,
      94.3
    ],
    "trust_anchored": [
      59.105000000000004,
      62.407500000000006,
      59.0625,
      73.44500000000001,
      77.28,
      83.84,
      87.4225,
      90.37,
      92.14999999999999,
      92.4525,
      92.4725,
      87.515,
      90.5675,
      96.21000000000001,
      96.195
    ],
    "fltrust": [
      60.095000000000006,
      49.19,
      63.345000000000006,
      51.852500000000006,
      65.8625,
      58.53000000000001,
      68.7125,
      58.55250000000001,
      63.777499999999996,
      60.68500000000002,
      67.725,
      62.455000000000005,
      65.8625,
      62.455000000000005,
      68.595
    ]
  },
  "per_round_std": {
    "none": [
      0.7093835351909425,
      8.190242288845916,
      14.919535012861495,
      14.956444054319864,
      17.64143046212523,
      18.089212945841506,
      19.432208443715293,
      20.284023731745137,
      18.7571119845247,
      18.63211122632108,
      18.62583488061676,
      18.413402048508036,
      18.46491588797523,
      18.50807577113299,
      18.379271612335454
    ],
    "trimmed_mean": [
      4.417151231280179,
      4.417151231280179,
      15.55333163666229,
      13.660169288848511,
      18.65166530768768,
      20.122043882270013,
      15.11364677204016,
      15.11364677204016,
      17.474871065332643,
      15.11364677204016,
      11.738527377827255,
      14.61513663124639,
      13.469659192050852,
      13.469659192050852,
      11.379422217318417
    ],
    "trust_anchored": [
      4.417151231280179,
      12.031866802371109,
      11.396993847063356,
      19.481644566103757,
      18.83075542828805,
      17.89236988215927,
      18.875986563620984,
      14.964728530781976,
      13.260495842916281,
      13.31766191003511,
      13.32612542151694,
      19.57623623171727,
      14.996860296408713,
      7.866711511171615,
      7.866684498567359
    ],
    "fltrust": [
      0.7093835351909425,
      10.087425340491992,
      12.279728213604729,
      17.978636454136335,
      13.690953902120919,
      21.721103793315848,
      15.39051554529607,
      21.84884135944055,
      15.787387964764784,
      17.9562530891052,
      15.313184678570291,
      22.472165560977878,
      13.690953902120919,
      22.472165560977878,
      17.72995276361446
    ]
  },
  "aggregate": {
    "k": 10,
    "n_seeds": 20,
    "none_mean": 79.24249999999999,
    "none_std": 15.642273851649572,
    "tm_mean": 90.92275,
    "tm_std": 13.138407673211391,
    "ta_mean": 90.9195,
    "ta_std": 11.393012211439082,
    "ft_mean": 63.735,
    "ft_std": 16.462909372282894
  },
  "recovery_ta_pp": 11.677000000000007,
  "recovery_ft_pp": -15.507499999999993
}