{
  "config": {
    "seeds": 20,
    "alpha": 5.0,
    "rounds": 15,
    "scale": 10.0,
    "trim": 1,
    "attack": "label_flip",
    "start_seed": 0,
    "mag_bound": 25.0,
    "local_epochs": 5,
    "no_attack": false
  },
  "seeds": [
    0,
    1,
    2,
    3,
    4,
    5,
    6,
    7,
    8,
    9,
    10,
    11,
    12,
    13,
    14,
    15,
    16,
    17,
    18,
    19
  ],
  "steady_state_per_seed": {
    "none": [
      86.69,
      79.91,
      94.32000000000001,
      67.395,
      98.4,
      97.275,
      98.0,
      82.63000000000001,
      82.03,
      98.20000000000002,
      65.59,
      81.39000000000001,
      97.41000000000001,
      94.21000000000001,
      98.04999999999998,
      73.60000000000001,
      67.39,
      94.82999999999998,
      97.79999999999998,
      98.20000000000002
    ],
    "trimmed_mean": [
      71.19,
      98.15,
      98.25,
      90.24000000000001,
      98.4,
      97.75,
      98.0,
      97.95000000000002,
      60.65,
      98.20000000000002,
      98.35,
      78.66,
      97.75,
      97.95000000000002,
      98.04999999999998,
      98.20000000000002,
      97.75,
      98.79999999999998,
      97.79999999999998,
      98.20000000000002
    ],
    "trust_anchored": [
      98.29499999999999,
      88.245,
      98.25,
      97.70000000000002,
      98.4,
      60.75,
      97.87,
      97.95000000000002,
      97.77000000000001,
      98.20000000000002,
      98.35,
      98.1,
      97.75,
      97.95000000000002,
      98.04999999999998,
      98.20000000000002,
      97.75,
      98.79999999999998,
      94.03999999999999,
      98.20000000000002
    ],
    "fltrust": [
      57.68000000000001,
      59.45000000000001,
      58.95000000000001,
      58.31999999999999,
      94.55,
      79.25,
      75.13499999999999,
      86.46000000000001,
      94.13,
      90.19000000000001,
      61.95000000000001,
      55.760000000000005,
      62.92,
      58.44,
      98.04999999999998,
      94.46000000000001,
      59.79999999999999,
      94.89499999999998,
      94.03999999999999,
      94.39500000000001
    ]
  },
  "per_round_mean": {
    "none": [
      60.095000000000006,
      62.18500000000002,
      67.64500000000001,
      75.155,
      76.9,
      81.8225,
      80.98249999999999,
      81.8925,
      88.3725,
      89.1075,
      89.5,
      89.415,
      92.08500000000001,
      90.48250000000002,
      93.0
    ],
    "trimmed_mean": [
      61.8375,
      65.135,
      64.85500000000002,
      77.4775,
      83.52250000000001,
      90.49,
      90.49,
      92.355,
      92.355,
      94.28,
      96.1225,
      96.2125,
      94.28,
      94.28,
      94.28
    ],
    "trust_anchored": [
      61.68000000000001,
      56.71500000000002,
      76.22750000000002,
      87.3275,
      88.19,
      94.3075,
      96.225,
      96.22,
      96.22,
      96.2225,
      96.2225,
      96.2175,
      96.10499999999999,
      93.28,
      94.29
    ],
    "fltrust": [
      60.095000000000006,
      59.37750000000001,
      60.9,
      67.99499999999999,
      68.58000000000001,
      75.95500000000001,
      74.25500000000001,
      77.0875,
      75.24,
      77.1675,
      78.19,
      75.2525,
      77.14500000000001,
      77.93,
      76.19000000000001
    ]
  },
  "per_round_std": {
    "none": [
      0.7093835351909425,
      7.759769648642929,
      18.51518228373677,
      21.48040909759402,
      19.663697515981067,
      20.09384529526392,
      18.800633466721273,
      20.342162342042208,
      16.14065886976117,
      15.162192082611273,
      15.09180241058039,
      17.567691225656265,
      13.284945427061414,
      15.13901643931996,
      12.305466265038477
    ],
    "trimmed_mean": [
      7.640989382926795,
      15.683208377114678,
      15.015474517976449,
      18.210837947497087,
      19.981456872560617,
      15.217199150960727,
      15.217199150960727,
      13.61667084863257,
      13.61667084863257,
      11.389198830470912,
      8.152077572619142,
      8.162917294080591,
      11.389198830470912,
      11.389198830470912,
      11.389198830470912
    ],
    "trust_anchored": [
      5.408867718848373,
      16.705269378253078,
      23.43729653245015,
      16.581921443246557,
      19.460251796932127,
      11.282445158297913,
      8.142673086892287,
      8.14159689495863,
      8.14145871450565,
      8.142089335668086,
      8.142089335668086,
      8.141026885473355,
      8.131096174563426,
      14.569963967011038,
      11.401475781669667
    ],
    "fltrust": [
      0.7093835351909425,
      13.184853762935711,
      14.272499781047468,
      23.39857314025793,
      17.546861542737492,
      20.04340851751518,
      19.95551239632799,
      18.872512253274603,
      21.48762201826903,
      18.991355105679006,
      20.35920921843479,
      18.687639464362533,
      19.026783096466936,
      20.617616254067784,
      20.31894190158533
    ]
  },
  "per_round_mean_recall": {
    "none": [
      0.0,
      5.551,
      34.33,
      53.6885,
      50.343500000000006,
      63.029999999999994,
      53.338499999999996,
      63.3445,
      72.15599999999999,
      74.0535,
      74.881,
      82.52799999999999,
      81.63799999999999,
      77.77950000000001,
      84.189
    ],
    "trimmed_mean": [
      4.4605,
      29.512999999999998,
      29.397000000000002,
      44.74900000000001,
      67.8885,
      77.809,
      77.809,
      82.67,
      82.67,
      87.571,
      92.19949999999999,
      92.42249999999999,
      87.52749999999999,
      87.52749999999999,
      87.52749999999999
    ],
    "trust_anchored": [
      4.0409999999999995,
      44.68900000000001,
      70.778,
      69.5715,
      87.83649999999999,
      87.48349999999999,
      92.40949999999998,
      92.397,
      92.39699999999998,
      92.40299999999999,
      92.40299999999999,
      92.39099999999999,
      92.10099999999997,
      92.39599999999999,
      87.5635
    ],
    "fltrust": [
      0.0,
      29.583999999999996,
      24.71,
      58.977,
      29.2685,
      48.24850000000001,
      43.9345,
      43.6245,
      53.7735,
      43.861000000000004,
      53.624,
      38.906,
      43.785000000000004,
      53.596000000000004,
      48.7735
    ]
  },
  "per_round_std_recall": {
    "none": [
      0.0,
      21.190794440039287,
      46.789519232409305,
      48.57185134159496,
      46.96095987892496,
      46.266838448288205,
      48.25505634386929,
      46.487460725985024,
      41.813546297820764,
      39.35874760139098,
      39.297051021673376,
      34.703322838022295,
      34.55434178218419,
      38.89216778157268,
      31.703008516543033
    ],
    "trimmed_mean": [
      19.442868737663172,
      45.08653713693256,
      42.31016663876426,
      46.43187815499175,
      44.466197754586574,
      38.90681789866655,
      38.90681789866655,
      34.73094412767957,
      34.73094412767957,
      29.193892494835282,
      21.181969803349258,
      21.20815736338261,
      29.178935017405962,
      29.178935017405962,
      29.178935017405962
    ],
    "trust_anchored": [
      13.952264654886681,
      49.413210065730404,
      42.42047566918599,
      42.756087785834666,
      29.29326463114004,
      29.168666626193257,
      21.205363820269625,
      21.20276635253051,
      21.202426771480667,
      21.204000117902282,
      21.204000117902282,
      21.201539307323895,
      21.182368824095192,
      21.22618156899634,
      29.19147637153695
    ],
    "fltrust": [
      0.0,
      45.20960068392554,
      42.80445105359956,
      48.167913811997295,
      44.71280658547392,
      48.29821862915857,
      48.57587204312445,
      48.23410468485965,
      48.64755649310662,
      48.354596048359255,
      48.50966588217239,
      47.6510125180987,
      48.407400415638925,
      48.484337305979544,
      48.77827131777017
    ]
  },