{
  "none": {
    "0": 58.4,
    "1": 58.4,
    "2": 58.4,
    "3": 58.4,
    "4": 58.4,
    "5": 58.4,
    "6": 58.4,
    "7": 58.4,
    "8": 58.4,
    "9": 98.2,
    "10": 98.2,
    "11": 98.2,
    "12": 98.2,
    "13": 98.2,
    "14": 98.2,
    "15": 98.2
  },
  "trimmed_mean": {
    "0": 58.4,
    "1": 58.4,
    "2": 58.4,
    "3": 58.4,
    "4": 58.4,
    "5": 58.4,
    "6": 58.4,
    "7": 58.4,
    "8": 58.4,
    "9": 58.4,
    "10": 98.2,
    "11": 98.2,
    "12": 98.2,
    "13": 98.2,
    "14": 98.2,
    "15": 98.2
  },
  "fltrust": {
    "0": 58.4,
    "1": 58.4,
    "2": 58.4,
    "3": 58.4,
    "4": 58.4,
    "5": 58.4,
    "6": 58.4,
    "7": 58.4,
    "8": 58.4,
    "9": 58.4,
    "10": 58.4,
    "11": 58.4,
    "12": 58.4,
    "13": 58.4,
    "14": 58.4,
    "15": 58.4
  },
  "trust_anchored": {
    "0": 58.4,
    "1": 58.4,
    "2": 58.4,
    "3": 58.4,
    "4": 58.4,
    "5": 58.4,
    "6": 58.4,
    "7": 58.4,
    "8": 58.4,
    "9": 58.4,
    "10": 58.4,
    "11": 58.4,
    "12": 58.4,
    "13": 58.4,
    "14": 58.4,
    "15": 58.4
  },
  "scale": 10.0,
  "attack": "sign_flip",
  "steady_state": {
    "rounds_averaged": [
      6,
      7,
      8,
      9,
      10,
      11,
      12,
      13,
      14,
      15
    ],
    "none_mean": 86.26000000000002,
    "none_std": 18.238651265924247,
    "tm_mean": 82.28,
    "tm_std": 19.4979383525541,
    "ft_mean": 58.4,
    "ft_std": 0.0,
    "ta_mean": 58.4,
    "ta_std": 0.0
  }
}