{
  "config": {
    "scales": "5,10,20",
    "local_epochs": 5,
    "seeds": 10,
    "alpha": 2.0,
    "rounds": 15
  },
  "ceiling": 71.90400000000001,
  "ceiling_std": 12.108882029320462,
  "scales": {
    "5": {
      "mean": 47.540000000000006,
      "std": 8.894515163852382
    },
    "10": {
      "mean": 46.260000000000005,
      "std": 8.436610693874645
    },
    "20": {
      "mean": 46.22,
      "std": 8.418764754998206
    }
  }
}